{
  "apr": 0,
  "next_song": 1,
  "flight_status": 2,
  "are_you_a_bot": 3,
  "credit_limit_change": 4,
  "direct_deposit": 5,
  "uber": 6,
  "interest_rate": 7,
  "recipe": 8,
  "date": 9,
  "yes": 10,
  "bill_due": 11,
  "roll_dice": 12,
  "international_visa": 13,
  "restaurant_reservation": 14,
  "thank_you": 15,
  "international_fees": 16,
  "schedule_meeting": 17,
  "spelling": 18,
  "schedule_maintenance": 19,
  "freeze_account": 20,
  "food_last": 21,
  "credit_limit": 22,
  "oil_change_how": 23,
  "repeat": 24,
  "whisper_mode": 25,
  "car_rental": 26,
  "find_phone": 27,
  "smart_home": 28,
  "directions": 29,
  "improve_credit_score": 30,
  "vaccines": 31,
  "carry_on": 32,
  "mpg": 33,
  "pin_change": 34,
  "weather": 35,
  "what_can_i_ask_you": 36,
  "last_maintenance": 37,
  "play_music": 38,
  "pay_bill": 39,
  "pto_used": 40,
  "report_lost_card": 41,
  "meeting_schedule": 42,
  "oil_change_when": 43,
  "do_you_have_pets": 44,
  "fun_fact": 45,
  "change_speed": 46,
  "how_old_are_you": 47,
  "calculator": 48,
  "min_payment": 49,
  "timer": 50,
  "pto_request": 51,
  "tire_pressure": 52,
  "sync_device": 53,
  "accept_reservations": 54,
  "bill_balance": 55,
  "change_language": 56,
  "restaurant_reviews": 57,
  "expiration_date": 58,
  "text": 59,
  "distance": 60,
  "travel_suggestion": 61,
  "flip_coin": 62,
  "todo_list_update": 63,
  "spending_history": 64,
  "application_status": 65,
  "change_accent": 66,
  "travel_notification": 67,
  "meaning_of_life": 68,
  "ingredient_substitution": 69,
  "what_song": 70,
  "share_location": 71,
  "translate": 72,
  "pto_request_status": 73,
  "ingredients_list": 74,
  "greeting": 75,
  "routing": 76,
  "balance": 77,
  "shopping_list": 78,
  "cancel_reservation": 79,
  "definition": 80,
  "order_checks": 81,
  "book_flight": 82,
  "order": 83,
  "insurance_change": 84,
  "taxes": 85,
  "nutrition_info": 86,
  "pto_balance": 87,
  "goodbye": 88,
  "transactions": 89,
  "who_do_you_work_for": 90,
  "calendar": 91,
  "rewards_balance": 92,
  "maybe": 93,
  "insurance": 94,
  "cook_time": 95,
  "user_name": 96,
  "damaged_card": 97,
  "plug_type": 98,
  "transfer": 99,
  "reminder_update": 100,
  "tell_joke": 101,
  "book_hotel": 102,
  "card_declined": 103,
  "meal_suggestion": 104,
  "rollover_401k": 105,
  "w2": 106,
  "payday": 107,
  "make_call": 108,
  "who_made_you": 109,
  "tire_change": 110,
  "reset_settings": 111,
  "account_blocked": 112,
  "how_busy": 113,
  "no": 114,
  "todo_list": 115,
  "travel_alert": 116,
  "timezone": 117,
  "gas_type": 118,
  "time": 119,
  "jump_start": 120,
  "lost_luggage": 121,
  "cancel": 122,
  "change_volume": 123,
  "change_user_name": 124,
  "traffic": 125,
  "report_fraud": 126,
  "reminder": 127,
  "what_are_your_hobbies": 128,
  "gas": 129,
  "order_status": 130,
  "update_playlist": 131,
  "what_is_your_name": 132,
  "alarm": 133,
  "income": 134,
  "restaurant_suggestion": 135,
  "new_card": 136,
  "where_are_you_from": 137,
  "current_location": 138,
  "confirm_reservation": 139,
  "redeem_rewards": 140,
  "shopping_list_update": 141,
  "credit_score": 142,
  "replacement_card_duration": 143,
  "exchange_rate": 144,
  "measurement_conversion": 145,
  "next_holiday": 146,
  "calories": 147,
  "change_ai_name": 148,
  "calendar_update": 149
}